{
    "canvas": {
        "enabled": false,
        "token": "",
        "token_expiration": "",
        "courses": [],
        "assignments": [],
        "course_aliases": {}
    },
    "weather": {
        "enabled": true
    },
    "news": {
        "enabled": true
    },
    "theme": "auto",
    "location": {
        "method": "zip",
        "zip_code": "",
        "lat": "",
        "lon": ""
    },
    "assignmentFilters": {
        "hideNoDueDate": true,
        "hideCompleted": false,
        "defaultView": "week"
    },
    "emails": {
        "enabled": false,
        "accounts": []
    }
}
